time,x,y,z,vx,vy,vz
10.0,6.777702583300867e6,76683.9434546406,0.0,-86.88241573649341,7668.066690794615,0.0
20.0,6.776399388647893e6,153358.05742431624,0.0,-173.7537427429376,7666.5922991420375,0.0
30.0,6.774227582366861e6,230012.5136677299,0.0,-260.6028936677259,7664.135186995438,0.0
40.0,6.771187441644432e6,306637.4864307666,0.0,-347.41878391598726,7660.695665240165,0.0
50.0,6.767279354493692e6,383223.15368971205,0.0,-434.1903330275722,7656.27416906354,0.0
60.0,6.762503819705914e6,459759.6983940239,0.0,-520.9064660545806,7650.871257902697,0.0
70.0,6.756861446788553e6,536237.3097085068,0.0,-607.5561149382796,7644.487615377525,0.0
80.0,6.75035295588947e6,612646.1842547433,0.0,-694.1282198852572,7637.124049208723,0.0
90.0,6.742979177707402e6,688976.5273516292,0.0,-780.611730742661,7628.781491120975,0.0
100.0,6.734741053388687e6,765218.5542548683,0.0,-866.9956083723687,7619.460996731252,0.0
110.0,6.725639634410248e6,841362.4913952742,0.0,-953.2688260239362,7609.163745422248,0.0
120.0,6.715676082448861e6,917398.5776157329,0.0,-1039.420370706175,7597.891040200973,0.0
130.0,6.704851669236705e6,993317.0654066774,0.0,-1125.4392445572016,7585.644307542501,0.0
140.0,6.693167776403231e6,1.069108222139925e6,0.0,-1211.3144662128118,7572.4250972189,0.0
150.0,6.680625895303349e6,1.1447623313007306e6,0.0,-1297.0350721730217,7558.23508211335,0.0
160.0,6.667227626831961e6,1.220269693717906e6,0.0,-1382.5901181666297,7543.076058019474,0.0
170.0,6.652974681224859e6,1.2956206287918605e6,0.0,-1467.9686805136428,7526.949943425899,0.0
180.0,6.637868877846011e6,1.3708054757204112e6,0.0,-1553.159857485417,7509.85877928606,0.0
190.0,6.6219121449612565e6,1.4458145947222195e6,0.0,-1638.152770662361,7491.804728773274,0.0
200.0,6.605106519498438e6,1.5206383682577035e6,0.0,-1722.936566289049,7472.790077021111,0.0
210.0,6.587454146793994e6,1.5952672022472816e6,0.0,-1807.5004166265944,7452.817230849073,0.0
220.0,6.568957280326049e6,1.6696915272867987e6,0.0,-1891.8335213021292,7431.888718473622,0.0
230.0,6.54961828143401e6,1.7439017998599901e6,0.0,-1975.9251086552413,7410.007189204571,0.0
240.0,6.52943961902473e6,1.8178885035478366e6,0.0,-2059.7644370812177,7387.175413126871,0.0
250.0,6.508423869265248e6,1.8916421502346632e6,0.0,-2143.34079637094,7363.396280767827,0.0
260.0,6.486573715262142e6,1.9651532813108389e6,0.0,-2226.6435090472864,7338.672802749768,0.0
270.0,6.46389194672755e6,2.0384124688719292e6,0.0,-2309.6619316978845,7313.008109428206,0.0
280.0,6.44038145963187e6,2.111410316914159e6,0.0,-2392.3854563040672,7286.405450515515,0.0
290.0,6.416045255843194e6,2.1841374625260388e6,0.0,-2474.8035115658845,7258.868194690177,0.0
300.0,6.390886442753518e6,2.2565845770760123e6,0.0,-2556.9055642230123,7230.399829191608,0.0
310.0,6.364908232891751e6,2.32874236739598e6,0.0,-2638.6811203714196,7201.003959400627,0.0
320.0,6.338113943523595e6,2.4006015769605553e6,0.0,-2720.1197267756356,7170.684308405594,0.0
330.0,6.31050699623831e6,2.4721529870619127e6,0.0,-2801.210972176472,7139.444716554253,0.0
340.0,6.282090916522437e6,2.5433874179800795e6,0.0,-2881.9444885940497,7107.289140991342,0.0
350.0,6.252869333320507e6,2.614295730148535e6,0.0,-2962.309952625984,7074.221655181983,0.0
360.0,6.2228459785827985e6,2.684868825314974e6,0.0,-3042.2970867405734,7040.246448420932,0.0
370.0,6.192024686800183e6,2.755097647697088e6,0.0,-3121.895660564853,7005.367825327706,0.0
380.0,6.160409394526121e6,2.824973185133232e6,0.0,-3201.0954921673547,6969.590205327648,0.0
390.0,6.128004139885857e6,2.894486470227828e6,0.0,-3279.8864493354326,6932.918122118982,0.0
400.0,6.094813062072865e6,2.9636285814913716e6,0.0,-3358.258450847007,6895.3562231259,0.0
410.0,6.06084040083261e6,3.0323906444749003e6,0.0,-3436.201467736575,6856.909268937739,0.0
420.0,6.026090495933677e6,3.100763832898781e6,0.0,-3513.7055245553443,6817.582132734296,0.0
430.0,5.990567786626326e6,3.1687393697756855e6,0.0,-3590.760700625344,6777.37979969734,0.0
440.0,5.954276811088541e6,3.2363085285276077e6,0.0,-3667.3571312873646,6736.307366408384,0.0
450.0,5.917222205859627e6,3.303462634096796e6,0.0,-3743.4850091425833,6694.370040232753,0.0
460.0,5.879408705261428e6,3.370193064050454e6,0.0,-3819.134585287727,6651.573138690032,0.0
470.0,5.84084114080722e6,3.436491249679078e6,0.0,-3894.296170543631,6607.9220888109385,0.0
480.0,5.801524440598356e6,3.5023486770882956e6,0.0,-3968.960136677045,6563.42242648069,0.0
490.0,5.761463628708728e6,3.5677568882840746e6,0.0,-4043.1169176155463,6518.079795768922,0.0
500.0,5.720663824557111e6,3.6327074822511575e6,0.0,-4116.757010655416,6471.899948246229,0.0
510.0,5.679130242267469e6,3.697192116024601e6,0.0,-4189.870977662327,6424.888742287389,0.0
520.0,5.636868190017287e6,3.761202505754276e6,0.0,-4262.449446264717,6377.0521423613445,0.0
530.0,5.593883069374005e6,3.8247304277622076e6,0.0,-4334.483111039686,6328.396218308005,0.0
540.0,5.5501803746196395e6,3.8877677195926113e6,0.0,-4405.9627346912885,6278.927144601939,0.0
550.0,5.505765692063647e6,3.950306281054505e6,0.0,-4476.879149221074,6228.651199603042,0.0
560.0,5.460644699344138e6,4.012338075256761e6,0.0,-4547.223257090738,6177.574764794228,0.0
570.0,5.414823164717487e6,4.0738551296354723e6,0.0,-4616.986032376739,6125.704324006249,0.0
580.0,5.368306946336452e6,4.1348495369734988e6,0.0,-4686.158521916743,6073.0464626297,0.0
590.0,5.321101991516861e6,4.195313456412076e6,0.0,-4754.731846447757,6019.607866814285,0.0
600.0,5.273214335992967e6,4.255239114454348e6,0.0,-4822.697201735813,5965.395322655445,0.0
610.0,5.22465010316154e6,4.314618805960704e6,0.0,-4890.045859697063,5910.415715368399,0.0
620.0,5.1754155033148015e6,4.3734448951357985e6,0.0,-4956.769169510145,5854.676028449707,0.0
630.0,5.125516832862271e6,4.431709816507117e6,0.0,-5022.858558719687,5798.18334282642,0.0
640.0,5.074960473541629e6,4.489406075894976e6,0.0,-5088.305534330811,5740.944835992915,0.0
650.0,5.023752891618675e6,4.546526251373831e6,0.0,-5153.1016838945,5682.96778113549,0.0
660.0,4.971900637076481e6,4.603062994224766e6,0.0,-5217.238676583692,5624.259546244822,0.0
670.0,4.919410342793833e6,4.659009029879052e6,0.0,-5280.708264259969,5564.827593216352,0.0
680.0,4.86628872371305e6,4.714357158852643e6,0.0,-5343.502282530703,5504.67947693873,0.0
690.0,4.812542575997275e6,4.769100257671504e6,0.0,-5405.612651796532,5443.822844370359,0.0
700.0,4.758178776177357e6,4.82323127978764e6,0.0,-5467.031378289023,5382.265433604185,0.0
710.0,4.703204280288383e6,4.876743256485718e6,0.0,-5527.750555098404,5320.015072920785,0.0
720.0,4.647626122996003e6,4.929629297780161e6,0.0,-5587.762363191218,5257.079679829881,0.0
730.0,4.5914514167126175e6,4.981882593302595e6,0.0,-5647.059072417782,5193.467260100358,0.0
740.0,4.534687350703544e6,5.033496413179551e6,0.0,-5705.633042509311,5129.185906778898,0.0
750.0,4.47734119018327e6,5.084464108900282e6,0.0,-5763.476724064588,5064.2437991973275,0.0
760.0,4.419420275401885e6,5.134779114174604e6,0.0,-5820.582659526041,4998.649201968775,0.0
770.0,4.36093202072181e6,5.1844349457806535e6,0.0,-5876.943484145109,4932.410463972755,0.0
780.0,4.301883913684923e6,5.233425204402417e6,0.0,-5932.551926936761,4865.536017329276,0.0
790.0,4.242283514070201e6,5.281743575456972e6,0.0,-5987.4008116230525,4798.0343763620795,0.0
800.0,4.1821384529419723e6,5.329383829911292e6,0.0,-6041.483057565585,4729.914136551123,0.0
810.0,4.121456431688911e6,5.376339825088524e6,0.0,-6094.791680686755,4661.183973474412,0.0
820.0,4.060245221053865e6,5.42260550546364e6,0.0,-6147.319794379657,4591.852641739297,0.0
830.0,3.9985126601546505e6,5.468174903448338e6,0.0,-6199.060610406524,4521.928973903348,0.0
840.0,3.936266655495916e6,5.513042140165107e6,0.0,-6250.007439785592,4451.421879384919,0.0
850.0,3.873515179972195e6,5.5572014262103485e6,0.0,-6300.153693666255,4380.340343363513,0.0
860.0,3.8102662718622703e6,5.600647062406443e6,0.0,-6349.492884192393,4308.693425670083,0.0
870.0,3.7465280338149597e6,5.643373440542678e6,0.0,-6398.018625353768,4236.4902596673655,0.0
880.0,3.682308631826453e6,5.685375044104924e6,0.0,-6445.724633825352,4163.740051120381,0.0
890.0,3.6176162942093117e6,5.726646448993972e6,0.0,-6492.604729794483,4090.4520770572226,0.0
900.0,3.552459310553262e6,5.767182324232424e6,0.0,-6538.652837775734,4016.635684620243,0.0
910.0,3.4868460306778993e6,5.806977432660056e6,0.0,-6583.862987413364,3942.3002899077865,0.0
920.0,3.4207848635774315e6,5.846026631617547e6,0.0,-6628.229314271264,3867.45537680657,0.0
930.0,3.3542842763575856e6,5.8843248736184845e6,0.0,-6671.746060610267,3792.110495814854,0.0
940.0,3.2873527931648036e6,5.921867207009559e6,0.0,-6714.407576152708,3716.275262856529,0.0
950.0,3.21999899410786e6,5.958648776618851e6,0.0,-6756.2083188341485,3639.9593580862447,0.0
960.0,3.152231514172024e6,5.994664824392134e6,0.0,-6797.142855542121,3563.1725246857186,0.0
970.0,3.0840590421258993e6,6.029910690017083e6,0.0,-6837.205862841822,3485.9245676513524,0.0
980.0,3.015490319421076e6,6.064381811535326e6,0.0,-6876.3921276886185,3408.225352573295,0.0
990.0,2.946534139084721e6,6.098073725942244e6,0.0,-6914.696548127279,3330.0848044060835,0.0
1000.0,2.8771993446052424e6,6.130982069774431e6,0.0,-6952.1141339778205,3251.5129062310043,0.0
1010.0,2.8074948288111645e6,6.163102579684742e6,0.0,-6988.640007507865,3172.519698010308,0.0
1020.0,2.737429532743348e6,6.194431093004836e6,0.0,-7024.269404091414,3093.115275333423,0.0
1030.0,2.6670124445206868e6,6.22496354829515e6,0.0,-7058.997672853923,3013.309788155306,0.0
1040.0,2.5962525981994276e6,6.254695985882211e6,0.0,-7092.820277303605,2933.1134395270706,0.0
1050.0,2.5251590726262424e6,6.283624548383222e6,0.0,-7125.73279594883,2852.5364843190455,0.0
1060.0,2.453740990285199e6,6.311745481217837e6,0.0,-7157.730922901562,2771.589227936397,0.0
1070.0,2.382007516138766e6,6.339055133107055e6,0.0,-7188.810468466699,2690.282025027473,0.0
1080.0,2.3099678564629955e6,6.365549956559167e6,0.0,-7218.967359717264,2608.625278185009,0.0
1090.0,2.2376312576770256e6,6.391226508342676e6,0.0,-7248.19764105532,2526.629436640349,0.0
1100.0,2.1650070051670456e6,6.416081449946124e6,0.0,-7276.4974747585375,2444.3049949508327,0.0
1110.0,2.0921044221048667e6,6.440111548024762e6,0.0,-7303.863141512322,2361.6624916804976,0.0
1120.0,2.0189328682612444e6,6.463313674833994e6,0.0,-7330.291040927408,2278.7125080742535,0.0
1130.0,1.9455017388140983e6,6.485684808649528e6,0.0,-7355.777692042844,2195.46566672568,0.0
1140.0,1.8718204631517758e6,6.507222034174178e6,0.0,-7380.319733814269,2111.9326302386053,0.0
1150.0,1.7978985036715053e6,6.5279225429312475e6,0.0,-7403.913925587413,2028.1240998826238,0.0
1160.0,1.7237453545731904e6,6.547783633644441e6,0.0,-7426.557147556732,1944.0508142427082,0.0
1170.0,1.649370540648692e6,6.566802712604241e6,0.0,-7448.246401209092,1859.7235478630778,0.0
1180.0,1.5747836160667473e6,6.584977294020698e6,0.0,-7468.978809752438,1775.1531098854834,0.0
1190.0,1.4999941631536793e6,6.602305000362572e6,0.0,-7488.751618529357,1690.35034268207,0.0
1200.0,1.4250117911700457e6,6.61878356268278e6,0.0,-7507.562195415469,1605.326120482981,0.0
1210.0,1.3498461350833802e6,6.634410820930094e6,0.0,-7525.408031202572,1520.0913479988676,0.0
1220.0,1.2745068543371784e6,6.649184724247037e6,0.0,-7542.286739966455,1434.6569590384706,0.0
1230.0,1.1990036316162832e6,6.663103331253932e6,0.0,-7558.196059419338,1349.0339151214387,0.0
1240.0,1.1233461716088227e6,6.676164810319054e6,0.0,-7573.133851246839,1263.2332040865522,0.0
1250.0,1.0475441997648558e6,6.688367439814847e6,0.0,-7587.098101429423,1177.265838695522,0.0
1260.0,971607.4610518819,6.699709608360155e6,0.0,-7600.086920548255,1091.142855232532,0.0
1270.0,895545.7187073693,6.710189815048422e6,0.0,-7612.098544075407,1004.8753120996956,0.0
1280.0,819368.7529884608,6.719806669661839e6,0.0,-7623.131332648342,918.4742884086022,0.0
1290.0,743086.3599190132,6.728558892871375e6,0.0,-7633.1837723286335,831.9508825681213,0.0
1300.0,666708.3500341282,6.736445316422679e6,0.0,-7642.254474844841,745.3162108686424,0.0
1310.0,590244.5471223345,6.743464883307799e6,0.0,-7650.34217781951,658.5814060629243,0.0
1320.0,513704.7869655796,6.749616647922696e6,0.0,-7657.445744980222,571.75761594373,0.0
1330.0,437098.9160771904,6.75489977621052e6,0.0,-7663.564166354657,484.85600191842445,0.0
1340.0,360436.7904379641,6.759313545790622e6,0.0,-7668.696558449606,397.887737580713,0.0
1350.0,283728.27423054853,6.762857346073255e6,0.0,-7672.8421644139,310.8640072797004,0.0
1360.0,206983.23857227492,6.765530678359972e6,0.0,-7676.000354185194,223.79600468644853,0.0
1370.0,130211.56024660284,6.767333155929665e6,0.0,-7678.170624620572,136.69493135821557,0.0
1380.0,53423.120433340475,6.768264504110237e6,0.0,-7679.352599610931,49.57199530055698,0.0
1390.0,-23372.196562197627,6.76832456033589e6,0.0,-7679.546030179094,-37.56159047252885,0.0
1400.0,-100164.50458093245,6.767513274190004e6,0.0,-7678.750794561624,-124.6946093802267,0.0
1410.0,-176943.91688249895,6.765830707433586e6,0.0,-7676.966898274305,-211.8158427181184,0.0
1420.0,-253700.54741829744,6.763277034019288e6,0.0,-7674.194474161237,-298.9140711027998,0.0
1430.0,-330424.512104954,6.759852540090966e6,0.0,-7670.433782427541,-385.97807591771453,0.0
1440.0,-407105.9300980255,6.755557623968781e6,0.0,-7665.685210655619,-472.9966407600188,0.0
1450.0,-483734.9250657853,6.750392796119819e6,0.0,-7659.949273804959,-559.9585528882898,0.0
1460.0,-560301.6264629245,6.744358679114242e6,0.0,-7653.226614195449,-646.8526046708894,0.0
1470.0,-636796.1708040037,6.737456007566941e6,0.0,-7645.518001474176,-733.6675950347958,0.0
1480.0,-713208.7029364898,6.729685628064705e6,0.0,-7636.824332565704,-820.3923309147128,0.0
1490.0,-789529.3773132138,6.7210484990789015e6,0.0,-7627.146631605789,-907.0156287022676,0.0
1500.0,-865748.3592640816,6.711545690863657e6,0.0,-7616.486049858529,-993.526315695106,0.0
1510.0,-941855.8262668746,6.701178385339555e6,0.0,-7604.84386561694,-1079.9132315456961,0.0
1520.0,-1.0178419692169724e6,6.689947875962847e6,0.0,-7592.221484086919,-1166.1652297096464,0.0
1530.0,-1.093696993695832e6,6.677855567580178e6,0.0,-7578.620437254617,-1252.2711788933475,0.0
1540.0,-1.169411121238059e6,6.664902976268849e6,0.0,-7564.042383737194,-1338.2199645007463,0.0
1550.0,-1.2449745905969003e6,6.651091729162608e6,0.0,-7548.489108616948,-1424.0004900790568,0.0
1560.0,-1.320377659007999e6,6.6364235642629955e6,0.0,-7531.962523258836,-1509.6016787632177,0.0
1570.0,-1.3956106034512382e6,6.62090033023625e6,0.0,-7514.4646651113535,-1595.0124747188995,0.0
1580.0,-1.4706637219105114e6,6.604523986195794e6,0.0,-7495.997697490807,-1680.2218445838703,0.0
1590.0,-1.5455273346312528e6,6.587296601470315e6,0.0,-7476.56390934896,-1765.2187789075226,0.0
1600.0,-1.6201917853755618e6,6.569220355357454e6,0.0,-7456.165715024068,-1849.99229358837,0.0
1610.0,-1.6946474426747526e6,6.550297536863144e6,0.0,-7434.80565397531,-1934.5314313093154,0.0
1620.0,-1.768884701079167e6,6.530530544426591e6,0.0,-7412.486390500621,-2018.8252629704966,0.0
1630.0,-1.8428939824050826e6,6.509921885630958e6,0.0,-7389.210713437956,-2102.8628891195153,0.0
1640.0,-1.9166657369785493e6,6.488474176899742e6,0.0,-7364.981535849969,-2186.633441378851,0.0
1650.0,-1.9901904448759914e6,6.466190143178908e6,0.0,-7339.8018946921675,-2270.1260838702656,0.0
1660.0,-2.0634586171614078e6,6.44307261760478e6,0.0,-7313.674950464518,-2353.330014636004,0.0
1670.0,-2.136460797120006e6,6.419124541157751e6,0.0,-7286.603986846561,-2436.23446705659,0.0
1680.0,-2.2091875614881036e6,6.394348962301823e6,0.0,-7258.592410316042,-2518.828711265026,0.0
1690.0,-2.2816295216791374e6,6.368749036610026e6,0.0,-7229.643749751088,-2601.1020555572,0.0
1700.0,-2.353777325005607e6,6.342328026375756e6,0.0,-7199.761656015961,-2683.043847798299,0.0
1710.0,-2.425621655896799e6,6.315089300210065e6,0.0,-7168.949901530428,-2764.643476825037,0.0
1720.0,-2.4971532371121184e6,6.287036332624956e6,0.0,-7137.2123798227685,-2845.890373843502,0.0
1730.0,-2.5683628309498723e6,6.258172703602715e6,0.0,-7104.553105066466,-2926.7740138224212,0.0
1740.0,-2.639241240451337e6,6.228502098151341e6,0.0,-7070.976211600623,-3007.283916881655,0.0
1750.0,-2.709779310599949e6,6.198028305846112e6,0.0,-7036.4859534341385,-3087.409649675715,0.0
1760.0,-2.779967929515457e6,6.166755220357342e6,0.0,-7001.086703733694,-3167.1408267721226,0.0
1770.0,-2.849798029642869e6,6.134686838964381e6,0.0,-6964.782954295594,-3246.4671120243993,0.0
1780.0,-2.9192605889360453e6,6.101827262055916e6,0.0,-6927.579315001517,-3325.3782199395064,0.0
1790.0,-2.988346632035761e6,6.068180692616617e6,0.0,-6889.480513258214,-3403.863917039529,0.0
1800.0,-3.0570472314420906e6,6.033751435700212e6,0.0,-6850.491393421233,-3481.9140232174163,0.0
1810.0,-3.1253535086809457e6,5.9985438978890125e6,0.0,-6810.616916202697,-3559.5184130865805,0.0
1820.0,-3.1932566354646157e6,5.962562586739998e6,0.0,-6769.862158063226,-3636.667017324163,0.0
1830.0,-3.2607478348461455e6,5.9258121102174865e6,0.0,-6728.232310588039,-3713.3498240077743,0.0
1840.0,-3.3278183823673967e6,5.888297176112469e6,0.0,-6685.732679847314,-3789.5568799455095,0.0
1850.0,-3.3944596072006333e6,5.85002259144869e6,0.0,-6642.3686857408775,-3865.27829199906,0.0
1860.0,-3.460662893283477e6,5.810993261875521e6,0.0,-6598.145861327276,-3940.504228399713,0.0
1870.0,-3.5264196804470746e6,5.77121419104772e6,0.0,-6553.06985213732,-4015.2249200570614,0.0
1880.0,-3.591721465537324e6,5.730690479992128e6,0.0,-6507.146415472161,-4089.4306618602236,0.0
1890.0,-3.656559803529004e6,5.689427326461407e6,0.0,-6460.381419685991,-4163.111813971393,0.0
1900.0,-3.7209263086326546e6,5.647430024274872e6,0.0,-6412.780843453434,-4236.258803111517,0.0
1910.0,-3.784812655394054e6,5.604703962646504e6,0.0,-6364.35077502171,-4308.86212383793,0.0
1920.0,-3.8482105797861437e6,5.56125462550024e6,0.0,-6315.097411447678,-4380.912339813735,0.0
1930.0,-3.9111118802932454e6,5.517087590772599e6,0.0,-6265.027057819805,-4452.400085068767,0.0
1940.0,-3.9735084189874264e6,5.472208529702744e6,0.0,-6214.146126465198,-4523.316065251936,0.0
1950.0,-4.0353921225968585e6,5.426623206110071e6,0.0,-6162.461136141747,-4593.651058874774,0.0
1960.0,-4.096754983566024e6,5.380337475659398e6,0.0,-6109.978711215508,-4663.395918545994,0.0
1970.0,-4.1575890611076243e6,5.333357285113862e6,0.0,-6056.705580823398,-4732.541572196888,0.0
1980.0,-4.217886482246041e6,5.2856886715756e6,0.0,-6002.648578021321,-4801.079024297368,0.0
1990.0,-4.2776394428522065e6,5.23733776171433e6,0.0,-5947.814638917806,-4868.99935706248,0.0
2000.0,-4.336840208669737e6,5.1883107709839e6,0.0,-5892.210801793288,-4936.293731649207,0.0
2010.0,-4.395481116332189e6,5.13861400282693e6,0.0,-5835.844206205107,-5002.953389343376,0.0
2020.0,-4.453554574371295e6,5.0882538478676295e6,0.0,-5778.722092078365,-5068.969652736504,0.0
2030.0,-4.511053064216037e6,5.037236783092899e6,0.0,-5720.851798782727,-5134.333926892387,0.0
2040.0,-4.567969141182418e6,4.985569371021818e6,0.0,-5662.2407641953005,-5199.037700503278,0.0
2050.0,-4.624295435453791e6,4.933258258863625e6,0.0,-5602.896523749691,-5263.072547035456,0.0
2060.0,-4.680024653051616e6,4.88031017766429e6,0.0,-5542.82670947137,-5326.430125864042,0.0
2070.0,-4.7351495767964935e6,4.826731941441801e6,0.0,-5482.039048999459,-5389.102183396849,0.0
2080.0,-4.789663067259361e6,4.772530446310266e6,0.0,-5420.541364595071,-5451.080554187143,0.0
2090.0,-4.843558063702693e6,4.717712669592935e6,0.0,-5358.341572136319,-5512.357162035107,0.0
2100.0,-4.896827585011593e6,4.662285668924276e6,0.0,-5295.447680100129,-5572.924021077856,0.0
2110.0,-4.949464730614638e6,4.606256581341204e6,0.0,-5231.867788530988,-5632.7732368678435,0.0
2120.0,-5.00146268139434e6,4.549632622363584e6,0.0,-5167.610087996747,-5691.897007439474,0.0
2130.0,-5.052814700587109e6,4.492421085064127e6,0.0,-5102.682858531637,-5750.287624363779,0.0
2140.0,-5.103514134672577e6,4.4346293391278e6,0.0,-5037.094468566613,-5807.937473790986,0.0
2150.0,-5.153554414252165e6,4.376264829900877e6,0.0,-4970.853373847172,-5864.839037480809,0.0
2160.0,-5.202929054916767e6,4.317335077429737e6,0.0,-4903.9681163387995,-5920.984893820327,0.0
2170.0,-5.251631658103425e6,4.25784767548956e6,0.0,-4836.447323120163,-5976.367718829269,0.0
2180.0,-5.299655911940875e6,4.197810290603024e6,0.0,-4768.299705264224,-6030.98028715256,0.0
2190.0,-5.34699559208385e6,4.137230661049145e6,0.0,-4699.5340567074,-6084.815473039981,0.0
2200.0,-5.393644562536006e6,4.076116595862382e6,0.0,-4630.159253106934,-6137.866251312776,0.0
2210.0,-5.439596776461371e6,4.0144759738221485e6,0.0,-4560.184250686616,-6190.125698317069,0.0
2220.0,-5.484846276984192e6,3.952316742432848e6,0.0,-4489.618085071027,-6241.586992863935,0.0
2230.0,-5.529387197977066e6,3.889646916894583e6,0.0,-4418.469870108442,-6292.243417155984,0.0
2240.0,-5.573213764837244e6,3.826474579064662e6,0.0,-4346.748796682563,-6342.088357700307,0.0
2250.0,-5.616320295250998e6,3.7628078764100485e6,0.0,-4274.464131513241,-6391.115306207645,0.0
2260.0,-5.658701199945943e6,3.6986550209508855e6,0.0,-4201.625215946349,-6439.317860477642,0.0
2270.0,-5.700350983431201e6,3.634024288195239e6,0.0,-4128.241464732963,-6486.689725270042,0.0
2280.0,-5.741264244725304e6,3.5689240160652003e6,0.0,-4054.3223647980344,-6533.224713161685,0.0
2290.0,-5.78143567807173e6,3.5033626038144906e6,0.0,-3979.8774739987,-6578.916745389186,0.0
2300.0,-5.820860073641982e6,3.437348510937708e6,0.0,-3904.9164198724225,-6623.759852677142,0.0
2310.0,-5.859532318226084e6,3.3708902560713687e6,0.0,-3829.448898375113,-6667.748176051755,0.0
2320.0,-5.897447395910417e6,3.303996415886884e6,0.0,-3753.4846726094283,-6710.875967639729,0.0
2330.0,-5.934600388742786e6,3.2366756239756234e6,0.0,-3677.033571543402,-6753.137591452329,0.0
2340.0,-5.97098647738463e6,3.1689365697262087e6,0.0,-3600.1054887195987,-6794.527524154457,0.0
2350.0,-6.00660094175027e6,3.1007879971941975e6,0.0,-3522.710380954965,-6835.040355818648,0.0
2360.0,-6.041439161633122e6,3.032238703964299e6,0.0,-3444.8582670315595,-6874.6707906638485,0.0
2370.0,-6.075496617318754e6,2.96329754000528e6,0.0,-3366.5592263783474,-6913.413647778863,0.0
2380.0,-6.108768890184737e6,2.893973406517714e6,0.0,-3287.823397744237,-6951.263861830364,0.0
2390.0,-6.141251663287166e6,2.8242752547747255e6,0.0,-3208.6609778625516,-6988.216483755335,0.0
2400.0,-6.172940721933797e6,2.7542120849558925e6,0.0,-3129.0822201071214,-7024.266681437855,0.0
2410.0,-6.203831954243696e6,2.683792944974455e6,0.0,-3049.097433140183,-7059.409740370105,0.0
2420.0,-6.23392135169333e6,2.6130269292979967e6,0.0,-2968.716979552279,-7093.64106429749,0.0
2430.0,-6.263205009649017e6,2.5419231777627524e6,0.0,-2887.951274494351,-7126.9561758477785,0.0
2440.0,-6.291679127885656e6,2.4704908743817066e6,0.0,-2806.8107843022153,-7159.350717144162,0.0
2450.0,-6.319340011091673e6,2.398739246146641e6,0.0,-2725.306025113623,-7190.820450402127,0.0
2460.0,-6.346184069360088e6,2.326677561824295e6,0.0,-2643.447561478095,-7221.361258510045,0.0
2470.0,-6.372207818665657e6,2.2543151307468023e6,0.0,-2561.246004959731,-7250.969145593402,0.0
2480.0,-6.397407881328004e6,2.181661301596566e6,0.0,-2478.712012733197,-7279.640237562549,0.0
2490.0,-6.421780986460678e6,2.108725461185742e6,0.0,-2395.856286173081,-7307.370782643921,0.0
2500.0,-6.44532397040607e6,2.0355170332304905e6,0.0,-2312.6895694368336,-7334.157151894601,0.0
2510.0,-6.468033777156133e6,1.9620454771201657e6,0.0,-2229.2226480414784,-7359.995839700178,0.0
2520.0,-6.489907458758834e6,1.888320286681612e6,0.0,-2145.466347434314,-7384.883464255804,0.0
2530.0,-6.510942175710288e6,1.8143509889387337e6,0.0,-2061.431531557799,-7408.816768030366,0.0
2540.0,-6.531135197332509e6,1.740147142867507e6,0.0,-1977.1291014088376,-7431.792618213716,0.0
2550.0,-6.55048390213673e6,1.6657183381466046e6,0.0,-1892.5699935926614,-7453.808007146873,0.0
2560.0,-6.568985778172232e6,1.5910741939038055e6,0.0,-1807.7651788715273,-7474.860052735129,0.0
2570.0,-6.586638423360639e6,1.5162243574583568e6,0.0,-1722.7256607084341,-7494.945998843998,0.0
2580.0,-6.6034395458156215e6,1.4411785030594643e6,0.0,-1637.4624738060695,-7514.0632156779375,0.0
2590.0,-6.619386964147971e6,1.3659463306210816e6,0.0,-1551.9866826411996,-7532.20920014179,0.0
2600.0,-6.6344786077559935e6,1.2905375644531709e6,0.0,-1466.3093799947135,-7549.381576184867,0.0
2610.0,-6.648712517101185e6,1.2149619519896102e6,0.0,-1380.4416854775345,-7565.578095127653,0.0
2620.0,-6.662086843969145e6,1.1392292625129214e6,0.0,-1294.3947440526133,-7580.796635971032,0.0
2630.0,-6.674599851715688e6,1.0633492858759922e6,0.0,-1208.179724553216,-7595.035205688029,0.0
2640.0,-6.686249915498126e6,987331.8312209698,0.0,-1121.8078181977244,-7608.2919394979945,0.0
2650.0,-6.697035522491682e6,911186.7256954999,0.0,-1035.290237101163,-7620.5651011231885,0.0
2660.0,-6.706955272090998e6,834923.8131664881,0.0,-948.638212783669,-7631.853083027734,0.0
2670.0,-6.716007876096714e6,758552.9529315599,0.0,-861.8629946761239,-7642.154406638891,0.0
2680.0,-6.724192158887102e6,682084.0184283971,0.0,-774.9758486231638,-7651.467722550616,0.0
2690.0,-6.7315070575747e6,605526.8959421269,0.0,-687.9880553837856,-7659.791810709381,0.0
2700.0,-6.737951622147949e6,528891.4833109413,0.0,-600.9109091297705,-7667.125580582213,0.0
2710.0,-6.743525015597813e6,452187.688630126,0.0,-513.7557159421395,-7673.468071306928,0.0
2720.0,-6.748226514029337e6,375425.4289546756,0.0,-426.53379230586575,-7678.818451824546,0.0
2730.0,-6.75205550675816e6,298614.6290006736,0.0,-339.256463603059,-7683.176020993844,0.0
2740.0,-6.755011496391943e6,221765.21984561655,0.0,-251.93506260484526,-7686.54020768805,0.0
2750.0,-6.757094098896716e6,144887.1376278607,0.0,-164.5809279621603,-7688.910570873652,0.0
2760.0,-6.758303043648126e6,67990.3222453699,0.0,-77.2054026956788,-7690.286799671305,0.0
2770.0,-6.75863817346758e6,-8915.283946056079,0.0,10.180167314901041,-7690.668713398833,0.0
2780.0,-6.758099444643282e6,-85819.73743489353,0.0,97.56443484199585,-7690.056261596321,0.0
2790.0,-6.756686926936154e6,-162713.09485616823,0.0,184.93605282147774,-7688.449524033284,0.0
2800.0,-6.754400803570643e6,-239585.41429371096,0.0,272.28367586399605,-7685.848710697917,0.0
2810.0,-6.751241371210421e6,-316426.7565822159,0.0,359.5959617660595,-7682.2541617684265,0.0
2820.0,-6.747209039918971e6,-393227.1866089226,0.0,446.8615730206572,-7677.66634756645,0.0
2830.0,-6.7423043331050705e6,-469976.7746147431,0.0,534.0691783271984,-7672.0858684925715,0.0
2840.0,-6.736527887453184e6,-546665.5974946539,0.0,621.2074541005493,-7665.513454943936,0.0
2850.0,-6.729880452838767e6,-623283.7400971758,0.0,708.2650859789472,-7657.9499672139855,0.0
2860.0,-6.722362892228496e6,-699821.2965227604,0.0,795.2307703305711,-7649.396395374326,0.0
2870.0,-6.713976181565446e6,-776268.3714209073,0.0,882.0932157585485,-7639.853859138752,0.0
2880.0,-6.704721409639221e6,-852615.0812858314,0.0,968.8411446041791,-7629.323607709443,0.0
2890.0,-6.694599777941065e6,-928851.5557505038,0.0,1055.463294448156,-7617.807019605358,0.0
2900.0,-6.683612600503972e6,-1.0049679388788872e6,0.0,1141.9484196095636,-7605.3056024728585,0.0
2910.0,-6.671761303727815e6,-1.0809543904561896e6,0.0,1228.285292642437,-7591.820992878596,0.0
2920.0,-6.659047426189528e6,-1.1568010872769577e6,0.0,1314.4627058296603,-7577.354956084684,0.0
2930.0,-6.6454726184383575e6,-1.232498224430833e6,0.0,1400.4694726739897,-7561.909385806198,0.0
2940.0,-6.631038642776221e6,-1.3080360165857964e6,0.0,1486.2944293859828,-7545.486303951047,0.0
2950.0,-6.615747373023205e6,-1.3834046992687222e6,0.0,1571.9264363686175,-7528.087860342258,0.0
2960.0,-6.599600794268232e6,-1.4585945301430677e6,0.0,1657.3543796983845,-7509.716332422702,0.0
2970.0,-6.582601002604932e6,-1.5335957902835219e6,0.0,1742.567172602639,-7490.374124942337,0.0
2980.0,-6.564750204852769e6,-1.6083987854474403e6,0.0,1827.5537569329952,-7470.063769627996,0.0
2990.0,-6.546050718263445e6,-1.6829938473428902e6,0.0,1912.303104634553,-7448.787924835782,0.0
3000.0,-6.526504970212639e6,-1.7573713348931328e6,0.0,1996.8042192107403,-7426.549375186127,0.0
3010.0,-6.506115497877116e6,-1.8315216354973696e6,0.0,2081.0461371835613,-7403.351031181573,0.0
3020.0,-6.484884947897264e6,-1.9054351662875812e6,0.0,2165.017929549038,-7379.195928807334,0.0
3030.0,-6.462816076025092e6,-1.979102375381285e6,0.0,2248.708703227636,-7354.08722911471,0.0
3040.0,-6.439911746757762e6,-2.052513743130042e6,0.0,2332.1076025094644,-7328.028217787407,0.0
3050.0,-6.416174932956681e6,-2.125659783363541e6,0.0,2415.2038104940407,-7301.022304690854,0.0
3060.0,-6.391608715452239e6,-2.1985310446290933e6,0.0,2497.9865505244143,-7273.073023404568,0.0
3070.0,-6.366216282634224e6,-2.271118111426363e6,0.0,2580.445087615442,-7244.184030737655,0.0
3080.0,-6.340000930027987e6,-2.343411605437171e6,0.0,2662.5687298760113,-7214.359106227525,0.0
3090.0,-6.312966059856418e6,-2.415402186750205e6,0.0,2744.3468299250053,-7183.602151621891,0.0
3100.0,-6.285115180587791e6,-2.4870805550804576e6,0.0,2825.768786300807,-7151.917190344147,0.0
3110.0,-6.256451906469553e6,-2.5584374509832463e6,0.0,2906.8240448641436,-7119.30836694221,0.0
3120.0,-6.22697995704811e6,-2.629463657062631e6,0.0,2987.5021001940686,-7085.779946520906,0.0
3130.0,-6.196703156674698e6,-2.7001499991740785e6,0.0,3067.79249697688,-7051.336314157994,0.0
3140.0,-6.165625433997393e6,-2.7704873476212034e6,0.0,3147.684831387783,-7015.981974303929,0.0
3150.0,-6.1337508214393435e6,-2.8404666183464266e6,0.0,3227.1687524650956,-6979.721550165453,0.0
3160.0,-6.101083454663305e6,-2.910078774115389e6,0.0,3306.2339634768036,-6942.55978307311,0.0
3170.0,-6.067627572022538e6,-2.9793148256949615e6,0.0,3384.8702232792725,-6904.5015318328,0.0
3180.0,-6.033387513998168e6,-3.048165833024688e6,0.0,3463.0673476679226,-6865.55177206145,0.0
3190.0,-5.998367722623072e6,-3.116622906381511e6,0.0,3540.8152107196784,-6825.71559550694,0.0
3200.0,-5.962572740892389e6,-3.184677207537614e6,0.0,3618.103746127001,-6784.998209352367,0.0
3210.0,-5.926007212160731e6,-3.252319950911229e6,0.0,3694.9229485233195,-6743.404935504766,0.0
3220.0,-5.888675879526178e6,-3.3195424047102584e6,0.0,3771.2628747996705,-6700.941209868409,0.0
3230.0,-5.850583585201163e6,-3.3863358920685463e6,0.0,3847.113645412367,-6657.61258160278,0.0
3240.0,-5.811735269870312e6,-3.45269179217466e6,0.0,3922.465445681509,-6613.424712365362,0.0
3250.0,-5.772135972035357e6,-3.51860154139302e6,0.0,3997.3085270801603,-6568.383375539348,0.0
3260.0,-5.731790827347198e6,-3.584056634377233e6,0.0,4071.633208514005,-6522.494455446389,0.0
3270.0,-5.6907050679252185e6,-3.649048625175479e6,0.0,4145.429877591317,-6475.7639465445245,0.0
3280.0,-5.6488840216639545e6,-3.713569128327802e6,0.0,4218.688991883051,-6428.197952611402,0.0
3290.0,-5.6063331115272045e6,-3.7776098199551636e6,0.0,4291.401080172903,-6379.802685912923,0.0
3300.0,-5.563057854829696e6,-3.841162438840108e6,0.0,4363.556743697143,-6330.5844663574535,0.0
3310.0,-5.519063862506404e6,-3.9042187874988965e6,0.0,4435.146657374075,-6280.549720635713,0.0
3320.0,-5.474356838369627e6,-3.966770733244973e6,0.0,4506.161571022934,-6229.704981346497,0.0
3330.0,-5.4289425783539275e6,-4.0288102092436138e6,0.0,4576.592310572069,-6178.05688610836,0.0
3340.0,-5.382826969749047e6,-4.0903292155576264e6,0.0,4646.429779256242,-6125.612176657395,0.0
3350.0,-5.336015990420899e6,-4.1513198201839556e6,0.0,4715.664958802877,-6072.377697931264,0.0
3360.0,-5.288515708020759e6,-4.211774160081063e6,0.0,4784.288910607108,-6018.360397139607,0.0
3370.0,-5.240332279182757e6,-4.271684442186944e6,0.0,4852.292776895459,-5963.567322820982,0.0
3380.0,-5.191471948709799e6,-4.331042944427643e6,0.0,4919.667781878003,-5908.005623886487,0.0
3390.0,-5.141941048748013e6,-4.389842016716144e6,0.0,4986.405232888846,-5851.682548650207,0.0
3400.0,-5.091745997949858e6,-4.448074081941499e6,0.0,5052.496521514785,-5794.605443846629,0.0
3410.0,-5.040893300626007e6,-4.505731636948065e6,0.0,5117.933124711986,-5736.781753635203,0.0
3420.0,-4.989389545886112e6,-4.56280725350472e6,0.0,5182.706605910541,-5678.21901859217,0.0
3430.0,-4.937241406768603e6,-4.619293579263942e6,0.0,5246.808616106746,-5618.924874689835,0.0
3440.0,-4.884455639359607e6,-4.675183338710615e6,0.0,5310.230894942973,-5558.90705226344,0.0
3450.0,-4.831039081901148e6,-4.730469334100437e6,0.0,5372.965271774982,-5498.173374965789,0.0
3460.0,-4.776998653888724e6,-4.785144446387822e6,0.0,5435.003666726541,-5436.731758709786,0.0
3470.0,-4.722341355158409e6,-4.83920163614316e6,0.0,5496.338091731208,-5374.590210599061,0.0
3480.0,-4.667074264963602e6,-4.892633944459335e6,0.0,5556.9606515611495,-5311.756827846828,0.0
3490.0,-4.6112045410415465e6,-4.945434493847359e6,0.0,5616.863544842866,-5248.2397966831595,0.0
3500.0,-4.5547394186697705e6,-4.997596489121037e6,0.0,5676.03906505968,-5184.04739125083,0.0
3510.0,-4.497686209712556e6,-5.049113218270518e6,0.0,5734.479601540872,-5119.187972489906,0.0
3520.0,-4.440052301657589e6,-5.099978053324653e6,0.0,5792.177640437331,-5053.66998701125,0.0
3530.0,-4.381845156642929e6,-5.150184451202018e6,0.0,5849.125765683607,-4987.501965959101,0.0
3540.0,-4.323072310474411e6,-5.199725954550521e6,0.0,5905.316659946225,-4920.692523862923,0.0
3550.0,-4.263741371633647e6,-5.248596192575466e6,0.0,5960.743105558168,-4853.250357478674,0.0
3560.0,-4.203860020276746e6,-5.2967888818559805e6,0.0,6015.397985439394,-4785.184244619685,0.0
3570.0,-4.143436007223898e6,-5.344297827149704e6,0.0,6069.2742840032715,-4716.503042977318,0.0
3580.0,-4.08247715293997e6,-5.391116922185629e6,0.0,6122.365088048845,-4647.215688931584,0.0
3590.0,-4.0209913465062454e6,-5.437240150444996e6,0.0,6174.663587638793,-4577.3311963519,0.0
3600.0,-3.958986544583459e6,-5.482661585930156e6,0.0,6226.16307696299,-4506.858655388158,0.0
3610.0,-3.896470770366266e6,-5.527375393921287e6,0.0,6276.856955187569,-4435.807231252297,0.0
3620.0,-3.8334521125292974e6,-5.571375831720885e6,0.0,6326.738727289367,-4364.186162990554,0.0
3630.0,-3.769938724164939e6,-5.614657249385931e6,0.0,6375.802004875675,-4292.004762246572,0.0
3640.0,-3.7059388217129926e6,-5.65721409044764e6,0.0,6424.040506989184,-4219.272412015559,0.0
3650.0,-3.6414606838823576e6,-5.699040892618715e6,0.0,6471.448060898029,-4145.99856538968,0.0
3660.0,-3.5765126505648885e6,-5.740132288488004e6,0.0,6518.018602870855,-4072.192744294859,0.0
3670.0,-3.5111031217415784e6,-5.780483006202491e6,0.0,6563.746178936795,-3997.8645382191894,0.0
3680.0,-3.445240556381217e6,-5.820087870136518e6,0.0,6608.624945630295,-3923.0236029331313,0.0
3690.0,-3.378933471331677e6,-5.858941801548185e6,0.0,6652.649170720682,-3847.679659201689,0.0
3700.0,-3.31219044020398e6,-5.897039819222817e6,0.0,6695.81323392641,-3771.8424914887564,0.0
3710.0,-3.2450200922493e6,-5.934377040103447e6,0.0,6738.11162761389,-3695.5219466538165,0.0
3720.0,-3.1774311112290523e6,-5.97094867990822e6,0.0,6779.538957480838,-3618.72793264119,0.0
3730.0,-3.1094322342782314e6,-6.006750053734661e6,0.0,6820.08994322406,-3541.4704171620224,0.0
3740.0,-3.0410322507621427e6,-6.041776576650723e6,0.0,6859.759419191612,-3463.7594263691985,0.0
3750.0,-2.9722400011266973e6,-6.076023764272548e6,0.0,6898.542335019249,-3385.60504352538,0.0
3760.0,-2.903064375742417e6,-6.10948723332888e6,0.0,6936.433756251109,-3307.017407664357,0.0
3770.0,-2.8335143137423135e6,-6.1421627022120515e6,0.0,6973.428864944573,-3228.006712245906,0.0
3780.0,-2.7635988018537983e6,-6.174045991515499e6,0.0,7009.522960259218,-3148.5832038043495,0.0
3790.0,-2.6933268732247814e6,-6.205133024557716e6,0.0,7044.711459029825,-3068.7571805910106,0.0
3800.0,-2.6227076062441217e6,-6.235419827892619e6,0.0,7078.9898963233745,-2988.5389912107566,0.0
3810.0,-2.551750123356587e6,-6.264902531806238e6,0.0,7112.353925979976,-2907.939033252826,0.0
3820.0,-2.480463589872484e6,-6.29357737079969e6,0.0,7144.799321137687,-2826.9677519161364,0.0
3830.0,-2.408857212772124e6,-6.321440684058381e6,0.0,7176.321974741156,-2745.635638629265,0.0
3840.0,-2.33694023950528e6,-6.348488915907386e6,0.0,7206.917900034065,-2663.953229665301,0.0
3850.0,-2.2647219567858013e6,-6.374718616252938e6,0.0,7236.583231035305,-2581.931104751762,0.0
3860.0,-2.1922116893815505e6,-6.400126441010012e6,0.0,7265.314222998866,-2499.5798856757756,0.0
3870.0,-2.1194187988998187e6,-6.424709152515921e6,0.0,7293.107252857372,-2416.9102348847164,0.0
3880.0,-2.046352682568392e6,-6.448463619929905e6,0.0,7319.958819649256,-2333.9328540824986,0.0
3890.0,-1.9730227720124242e6,-6.471386819618665e6,0.0,7345.865544929518,-2250.658482821722,0.0
3900.0,-1.8994385320272862e6,-6.493475835527787e6,0.0,7370.824173164048,-2167.097897091861,0.0
3910.0,-1.8256094593475547e6,-6.514727859539041e6,0.0,7394.831572107471,-2083.2619079037026,0.0
3920.0,-1.751545081412304e6,-6.535140191813501e6,0.0,7417.884733164502,-1999.1613598702222,0.0
3930.0,-1.6772549551268667e6,-6.554710241120452e6,0.0,7439.98077173477,-1914.8071297840963,0.0
3940.0,-1.6027486656212301e6,-6.57343552515207e6,0.0,7461.116927541111,-1830.2101251920508,0.0
3950.0,-1.5280358250052312e6,-6.591313670823815e6,0.0,7481.29056494128,-1745.3812829662363,0.0
3960.0,-1.4531260711207183e6,-6.608342414560532e6,0.0,7500.499173223096,-1660.331567872832,0.0
3970.0,-1.3780290662908438e6,-6.624519602568225e6,0.0,7518.740366882982,-1575.0719711380696,0.0
3980.0,-1.302754496066654e6,-6.639843191091476e6,0.0,7536.0118858879005,-1489.613509011875,0.0
3990.0,-1.2273120679711448e6,-6.654311246656491e6,0.0,7552.311595920664,-1403.9672213293243,0.0
4000.0,-1.1517115102409439e6,-6.667921946299754e6,0.0,7567.637488608628,-1318.1441700701064,0.0
4010.0,-1.0759625705657927e6,-6.6806735777822565e6,0.0,7581.987681735738,-1232.155437916191,0.0
4020.0,-1.000075014825989e6,-6.692564539789307e6,0.0,7595.360419437956,-1146.0121268078933,0.0
4030.0,-924058.625827959,-6.703593342115887e6,0.0,7607.754072382037,-1059.7253564985315,0.0
4040.0,-847923.2020381249,-6.71375860583755e6,0.0,7619.167137927677,-973.3062631078709,0.0
4050.0,-771678.5563152339,-6.723059063466846e6,0.0,7629.598240273032,-886.7659976745477,0.0
4060.0,-695334.5146413154,-6.731493559095273e6,0.0,7639.046130583606,-800.1157247076659,0.0
4070.0,-618900.9148514323,-6.739061048520734e6,0.0,7647.509687104524,-713.3666207377594,0.0
4080.0,-542387.6053623926,-6.745760599360505e6,0.0,7654.987915256203,-626.5298728673125,0.0
4090.0,-465804.4439005873,-6.751591391149707e6,0.0,7661.479947713425,-539.6166773210298,0.0
4100.0,-389161.2962291205,-6.756552715425278e6,0.0,7666.985044467831,-452.63823799604575,0.0
4110.0,-312468.03487439716,-6.760643975795449e6,0.0,7671.502592873864,-365.6057650122665,0.0
4120.0,-235734.5378523345,-6.763864687994723e6,0.0,7675.032107678156,-278.53047326303175,0.0
4130.0,-158970.68739436206,-6.766214479924371e6,0.0,7677.5732310324065,-191.42358096628732,0.0
4140.0,-82186.36867337508,-6.767693091678427e6,0.0,7679.125732489764,-104.29630821645657,0.0
4150.0,-5391.46852980704,-6.768300375555224e6,0.0,7679.689508984734,-17.159875537198545,0.0
4160.0,71404.12580201507,-6.768036296054452e6,0.0,7679.264584796648,69.97449756475937,0.0
4170.0,148190.52796706796,-6.766900929859761e6,0.0,7677.851111496724,157.0955940445283,0.0
4180.0,224957.8537622179,-6.764894465806927e6,0.0,7675.449367878745,244.19220076251793,0.0
4190.0,301696.22240803175,-6.762017204837585e6,0.0,7672.059759873394,331.25310992626504,0.0
4200.0,378395.75781964953,-6.75826955993856e6,0.0,7667.6828204462845,418.26712053044605,0.0
4210.0,455046.5898765562,-6.753652056066802e6,0.0,7662.31920947972,505.22303979489027,0.0
4220.0,531638.8556910896,-6.748165330059951e6,0.0,7655.969713638224,592.1096846004109,0.0
4230.0,608162.700875523,-6.741810130532564e6,0.0,7648.635246217891,678.9158829222728,0.0
4240.0,684608.2808075602,-6.734587317758005e6,0.0,7640.31684697959,765.6304752611147,0.0
4250.0,760965.7618940822,-6.726497863536058e6,0.0,7631.015681966077,852.2423160711479,0.0
4260.0,837225.3228329846,-6.717542851046253e6,0.0,7620.733043303061,938.7402751854503,0.0
4270.0,913377.1558729464,-6.707723474686969e6,0.0,7609.470348984279,1025.1132392381792,0.0
4280.0,989411.4680709683,-6.697041039900324e6,0.0,7597.229142640625,1111.3501130835243,0.0
4290.0,1.0653184825475244e6,-6.685496962982896e6,0.0,7584.011093293392,1197.4398212112271,0.0
4300.0,1.1410884397391663e6,-6.6730927708823e6,0.0,7569.8179950916865,1283.3713091584877,0.0
4310.0,1.2167115986484224e6,-6.6598301009796765e6,0.0,7554.651767034062,1369.133544918089,0.0
4320.0,1.2921782380908348e6,-6.645710700858106e6,0.0,7538.514452674444,1454.7155203425614,0.0
4330.0,1.367478657938978e6,-6.630736428057009e6,0.0,7521.408219812407,1540.1062525442194,0.0
4340.0,1.4426031803633012e6,-6.6149092498125695e6,0.0,7503.335360167856,1625.294785290896,0.0
4350.0,1.5175421510696409e6,-6.598231242784213e6,0.0,7484.298289040191,1710.2701903972068,0.0
4360.0,1.5922859405332468e6,-6.580704592767208e6,0.0,7464.299544952013,1795.0215691111744,0.0
4370.0,1.6668249452291685e6,-6.562331594391414e6,0.0,7443.341789277449,1879.5380534960454,0.0
4380.0,1.741149588858848e6,-6.543114650806245e6,0.0,7421.427805855152,1963.808807807134,0.0
4390.0,1.8152503235727672e6,-6.5230562733518835e6,0.0,7398.560500586068,2047.8230298635242,0.0
4400.0,1.8891176311889957e6,-6.502159081216806e6,0.0,7374.742901016027,2131.569952414471,0.0
4410.0,1.9627420244074902e6,-6.480425801081671e6,0.0,7349.978155903241,2215.0388445003327,0.0
4420.0,2.0361140480199931e6,-6.4578592667496335e6,0.0,7324.269534770789,2298.2190128078755,0.0
4430.0,2.109224280115381e6,-6.434462418763118e6,0.0,7297.620427444162,2381.0998030197884,0.0
4440.0,2.1820633332803147e6,-6.410238304007145e6,0.0,7270.03434357395,2463.6706011582487,0.0
4450.0,2.2546218557950426e6,-6.385190075299238e6,0.0,7241.514912143758,2545.920834922382,0.0
4460.0,2.326890532824209e6,-6.359320990965998e6,0.0,7212.065880963429,2627.839975019454,0.0
4470.0,2.3988600876025204e6,-6.332634414406388e6,0.0,7181.691116147659,2709.4175364896487,0.0
4480.0,2.470521282615128e6,-6.30513381364181e6,0.0,7150.394601580099,2790.6430800242656,0.0
4490.0,2.541864920772578e6,-6.27682276085303e6,0.0,7118.180438363019,2871.506213277193,0.0
4500.0,2.612881846580185e6,-6.247704931904023e6,0.0,7085.052844252633,2951.996592169502,0.0
4510.0,2.6835629473016886e6,-6.217784105852809e6,0.0,7051.01615308018,3032.1039221870074,0.0
4520.0,2.7538991541170515e6,-6.187064164449345e6,0.0,7016.074814158838,3111.817959670651,0.0
4530.0,2.8238814432742535e6,-6.155549091620555e6,0.0,6980.233391676585,3191.1285130995584,0.0
4540.0,2.893500837234946e6,-6.123242972942563e6,0.0,6943.496564075079,3270.025444366619,0.0
4550.0,2.9627484058138253e6,-6.090149995100207e6,0.0,6905.86912341468,3348.4986700464483,0.0
4560.0,3.031615267311588e6,-6.056274445333918e6,0.0,6867.355974725692,3426.5381626555863,0.0
4570.0,3.100092589641328e6,-6.021620710874029e6,0.0,6827.962135345932,3504.13395190479,0.0
4580.0,3.1681715914482446e6,-5.986193278362609e6,0.0,6787.692734244726,3581.2761259432777,0.0
4590.0,3.2358435432225205e6,-5.949996733262887e6,0.0,6746.553011333435,3657.9548325947867,0.0
4600.0,3.303099768405239e6,-5.913035759256363e6,0.0,6704.5483167626135,3734.160280585306,0.0
4610.0,3.3699316444872073e6,-5.875315137627683e6,0.0,6661.684110205905,3809.8827407623435,0.0
4620.0,3.4363306041005505e6,-5.83683974663736e6,0.0,6617.96596013078,3885.1125473055995,0.0
4630.0,3.50228813610295e6,-5.797614560882442e6,0.0,6573.399543056223,3959.840098928901,0.0
4640.0,3.567795786654394e6,-5.757644650645187e6,0.0,6527.990642797478,4034.0558600732757,0.0
4650.0,3.6328451602863083e6,-5.7169351812298745e6,0.0,6481.745149697966,4107.750362091026,0.0
4660.0,3.6974279209629465e6,-5.6754914122878015e6,0.0,6434.669059848467,4180.914204420674,0.0
4670.0,3.7615357931349054e6,-5.633318697130591e6,0.0,6386.768474293712,4253.538055752656,0.0
4680.0,3.8251605627846466e6,-5.590422482031876e6,0.0,6338.049598226455,4325.61265518563,0.0
4690.0,3.888294078463895e6,-5.546808305517484e6,0.0,6288.518740169178,4397.128813373269,0.0
4700.0,3.950928252322792e6,-5.502481797644186e6,0.0,6238.182311143521,4468.077413661434,0.0
4710.0,4.0130550611306867e6,-5.457448679267132e6,0.0,6187.046823827552,4538.449413215577,0.0
4720.0,4.0746665472884336e6,-5.411714761296058e6,0.0,6135.118891701016,4608.235844138276,0.0
4730.0,4.135754819832087e6,-5.365285943940372e6,0.0,6082.405228178653,4677.427814576766,0.0
4740.0,4.196312055427868e6,-5.318168215943209e6,0.0,6028.912645731719,4746.016509820355,0.0
4750.0,4.256330499358288e6,-5.270367653804565e6,0.0,5974.648054997834,4813.993193387611,0.0
4760.0,4.315802466499316e6,-5.221890420993613e6,0.0,5919.6184638792665,4881.349208103193,0.0
4770.0,4.374720342288463e6,-5.172742767150302e6,0.0,5863.830976629782,4948.075977164221,0.0
4780.0,4.433076583683694e6,-5.122931027276345e6,0.0,5807.292792930178,5014.165005196074,0.0
4790.0,4.490863720113018e6,-5.072461620915697e6,0.0,5750.011206952633,5079.607879297496,0.0
4800.0,4.548074354414683e6,-5.02134105132465e6,0.0,5691.993606413984,5144.396270074904,0.0
4810.0,4.604701163767846e6,-4.969575904631619e6,0.0,5633.247471618066,5208.521932665795,0.0
4820.0,4.660736900613604e6,-4.917172848986772e6,0.0,5573.7803744872435,5271.976707751138,0.0
4830.0,4.7161743935662955e6,-4.864138633701567e6,0.0,5513.599977583247,5334.752522556646,0.0
4840.0,4.771006548314954e6,-4.810480088378355e6,0.0,5452.714033117455,5396.841391842832,0.0
4850.0,4.825226348514812e6,-4.756204122030124e6,0.0,5391.130381950748,5458.235418883736,0.0
4860.0,4.878826856668752e6,-4.70131772219052e6,0.0,5328.856952583059,5518.926796434228,0.0
4870.0,4.931801214998602e6,-4.645827954014246e6,0.0,5265.901760132754,5578.907807685788,0.0
4880.0,4.984142646306177e6,-4.589741959367972e6,0.0,5202.272905305977,5638.1708272106625,0.0
4890.0,5.03584445482396e6,-4.533066955911848e6,0.0,5137.978573356082,5696.708321894302,0.0
4900.0,5.0869000270553315e6,-4.475810236171764e6,0.0,5073.027033033299,5754.51285185598,0.0
4910.0,5.137302832604246e6,-4.417979166602459e6,0.0,5007.4266355247455,5811.577071357517,0.0
4920.0,5.187046424994261e6,-4.359581186641596e6,0.0,4941.185813384945,5867.893729699985,0.0
4930.0,5.236124442476825e6,-4.300623807754943e6,0.0,4874.313079456959,5923.455672108341,0.0
4940.0,5.28453060882873e6,-4.241114612472758e6,0.0,4806.81702578429,5978.255840603867,0.0
4950.0,5.332258734138637e6,-4.181061253417513e6,0.0,4738.706322513681,6032.28727486435,0.0
4960.0,5.379302715582586e6,-4.120471452323085e6,0.0,4669.989716788941,6085.543113071906,0.0
4970.0,5.425656538188397e6,-4.059352999045521e6,0.0,4600.676031635956,6138.016592748363,0.0
4980.0,5.471314275588882e6,-3.997713750565517e6,0.0,4530.774164838994,6189.701051578127,0.0
4990.0,5.516270090763774e6,-3.9355616299827313e6,0.0,4460.29308780847,6240.589928218441,0.0
5000.0,5.560518236770289e6,-3.872904625502056e6,0.0,4389.241844440287,6290.676763096963,0.0
5010.0,5.604053057462248e6,-3.80975078941198e6,0.0,4317.62954996691,6339.95519919658,0.0
5020.0,5.64686898819766e6,-3.7461082370551657e6,0.0,4245.465389800298,6388.418982827378,0.0
5030.0,5.688960556534702e6,-3.681985145791369e6,0.0,4172.758618366845,6436.0619643857035,0.0
5040.0,5.730322382916002e6,-3.6173897539528385e6,0.0,4099.518557934472,6482.878099100226,0.0
5050.0,5.770949181341157e6,-3.5523303597923135e6,0.0,4025.7545974319955,6528.861447764945,0.0
5060.0,5.810835760027413e6,-3.486815320423763e6,0.0,3951.47619126094,6574.006177459057,0.0
5070.0,5.849977022058413e6,-3.420853050755987e6,0.0,3876.6928580999083,6618.306562253614,0.0
5080.0,5.888367966020963e6,-3.3544520224192217e6,0.0,3801.414179701677,6661.756983904918,0.0
5090.0,5.926003686629728e6,-3.2876207626848747e6,0.0,3725.6497996831454,6704.351932534563,0.0
5100.0,5.962879375339797e6,-3.2203678533785283e6,0.0,3649.4094223082884,6746.086007296078,0.0
5110.0,5.998990320947034e6,-3.1527019297863417e6,0.0,3572.702811264253,6786.953917028091,0.0
5120.0,6.034331910176168e6,-3.084631679554993e6,0.0,3495.539788430746,6826.95048089397,0.0
5130.0,6.068899628256534e6,-3.016165841585287e6,0.0,3417.9302326428597,6866.070629007856,0.0
5140.0,6.102689059485418e6,-2.947313204919577e6,0.0,3339.884078447474,6904.309403047048,0.0
5150.0,6.135695887778925e6,-2.8780826076231273e6,0.0,3261.411314853389,6941.661956850672,0.0
5160.0,6.16791589721033e6,-2.808482935659559e6,0.0,3182.521984075324,6978.123557004576,0.0
5170.0,6.199344972535827e6,-2.738523121760515e6,0.0,3103.2261802719436,7013.6895834124,0.0
5180.0,6.229979099707639e6,-2.668212144289687e6,0.0,3023.534048278042,7048.355529852766,0.0
5190.0,6.25981436637441e6,-2.5975590261013345e6,0.0,2943.455782331043,7082.117004522532,0.0
5200.0,6.288846962368846e6,-2.526572833393447e6,0.0,2863.001624791958,7114.969730566057,0.0
5210.0,6.3170731801825315e6,-2.4552626745556807e6,0.0,2782.1818648609556,7146.9095465904375,0.0
5220.0,6.344489415427878e6,-2.383637699012212e6,0.0,2701.006837287681,7177.932407166655,0.0
5230.0,6.371092167287145e6,-2.3117070960596534e6,0.0,2619.4869210764828,7208.0343833165925,0.0
5240.0,6.396878038948499e6,-2.239480093700168e6,0.0,2537.632538186692,7237.211662985874,0.0
5250.0,6.4218437380290385e6,-2.1669659574699276e6,0.0,2455.4541522281,7265.460551502481,0.0
5260.0,6.445986076984761e6,-2.0941739892630544e6,0.0,2372.9622671517895,7292.777472021111,0.0
5270.0,6.469301973507409e6,-2.0211135261511921e6,0.0,2290.1674259364604,7319.15896595322,0.0
5280.0,6.491788450908159e6,-1.9477939391988483e6,0.0,2207.0802092704093,7344.601693382729,0.0
5290.0,6.513442638488112e6,-1.874224632274651e6,0.0,2123.711234229306,7369.102433467336,0.0
5300.0,6.534261771895537e6,-1.8004150408586636e6,0.0,2040.0711529499163,7392.658084825416,0.0
5310.0,6.554243193469837e6,-1.7263746308459053e6,0.0,1956.1706512999278,7415.265665908454,0.0
5320.0,6.57338435257219e6,-1.652112897346217e6,0.0,1872.0204475440214,7436.922315358993,0.0
5330.0,6.591682805902831e6,-1.5776393634806217e6,0.0,1787.6312910063436,7457.625292354048,0.0
5340.0,6.609136217804952e6,-1.5029635791743242e6,0.0,1703.0139607295305,7477.371976933972,0.0
5350.0,6.62574236055516e6,-1.4280951199464928e6,0.0,1618.1792641304314,7496.159870316729,0.0
5360.0,6.641499114640492e6,-1.353043585696974e6,0.0,1533.1380356526865,7513.986595197551,0.0
5370.0,6.6564044690219285e6,-1.2778185994900817e6,0.0,1447.901135416307,7530.849896033948,0.0
5380.0,6.670456521384394e6,-1.2024298063356106e6,0.0,1362.4794478644114,7546.7476393160605,0.0
5390.0,6.683653478373211e6,-1.12688687196722e6,0.0,1276.8838804072682,7561.677813822295,0.0
5400.0,6.695993655816981e6,-1.0511994816183334e6,0.0,1191.1253620637963,7575.638530860264,0.0
